<?xml version="1.0" encoding="UTF-8"?>
<beans xmlns="http://www.springframework.org/schema/beans"
    xmlns:context="http://www.springframework.org/schema/context"
    xmlns:tx="http://www.springframework.org/schema/tx"
    xmlns:security="http://www.springframework.org/schema/security"
    xmlns:xsi="http://www.w3.org/2001/XMLSchema-instance"
    xsi:schemaLocation="http://www.springframework.org/schema/beans
        http://www.springframework.org/schema/beans/spring-beans-4.1.xsd
        http://www.springframework.org/schema/context
        http://www.springframework.org/schema/context/spring-context-4.1.xsd
        http://www.springframework.org/schema/tx
        http://www.springframework.org/schema/tx/spring-tx-4.1.xsd
        http://www.springframework.org/schema/security
        http://www.springframework.org/schema/security/spring-security-4.0.xsd">

    <bean id="dataSource" class="org.apache.tomcat.jdbc.pool.DataSource" destroy-method="close">
        <property name="driverClassName" value="org.postgresql.Driver" />
        <property name="url" value="jdbc:postgresql://localhost:5432/csjobs" />
        <property name="username" value="csjobs" />
        <property name="password" value="abcd" />
        <property name="initialSize" value="1" />
    </bean>

    <bean id="entityManagerFactory" class="org.springframework.orm.jpa.LocalContainerEntityManagerFactoryBean">
        <property name="persistenceUnitName" value="csjobs" />
        <property name="dataSource" ref="dataSource" />
    </bean>

    <bean id="transactionManager" class="org.springframework.orm.jpa.JpaTransactionManager">
        <property name="entityManagerFactory" ref="entityManagerFactory" />
    </bean>

    <bean class="org.springframework.dao.annotation.PersistenceExceptionTranslationPostProcessor" />

    <context:annotation-config />

    <tx:annotation-driven />

    <context:component-scan base-package="csjobs.model" />
    <context:component-scan base-package="csjobs.security" />
    
    <bean id="userService" class="csjobs.security.UserDetailsServiceImpl"></bean>
    
    <security:authentication-manager>
    	<security:authentication-provider user-service-ref="userService">
        </security:authentication-provider>
    </security:authentication-manager>
	
    <security:http auto-config="true" use-expressions="true">
    	 
    	 	<security:form-login 
		    login-page="/login.html"
		    authentication-success-handler-ref="authenticationSuccessHandler"
		    authentication-failure-url="/login.html?error=1"
		     /> 
        <security:logout logout-success-url="/" />
        <security:intercept-url pattern="/applicant.*" access="hasRole('ROLE_APPLICANT')" />
        <security:intercept-url pattern="/admin.*" access="hasRole('ROLE_ADMIN')" />
        <security:intercept-url pattern="/reviewer.*" access="hasRole('ROLE_REVIEWER')" />
        <security:intercept-url pattern="/application/apply.html" access="hasRole('ROLE_APPLICANT')" />
        <security:intercept-url pattern="/application/showApplication.*" access="hasAnyRole('ROLE_ADMIN', 'ROLE_APPLICANT', 'ROLE_REVIEWER')" />
        <security:intercept-url pattern="/viewApplications.*" access="hasAnyRole('ROLE_ADMIN', 'ROLE_REVIEWER')" />
        <security:intercept-url pattern="/jobs/addJob.*" access="hasRole('ROLE_ADMIN')" />
        <security:intercept-url pattern="/jobs/editJob.*" access="hasRole('ROLE_ADMIN')" />
                
    </security:http>
    
    <security:global-method-security pre-post-annotations="enabled" />
    

</beans>